{
	"info": {
		"_postman_id": "db801edd-74e7-4488-b0d9-57080a4163ff",
		"name": "Todo_Project",
		"schema": "https://schema.getpostman.com/json/collection/v2.1.0/collection.json"
	},
	"item": [
		{
			"name": "Get Categories",
			"request": {
				"method": "GET",
				"header": [],
				"url": {
					"raw": "localhost:5000/get_categories",
					"host": [
						"localhost"
					],
					"port": "5000",
					"path": [
						"get_categories"
					]
				}
			},
			"response": []
		},
		{
			"name": "Add Category",
			"request": {
				"method": "POST",
				"header": [],
				"body": {
					"mode": "raw",
					"raw": "{\r\n    \"category_name\" : \"design\"\r\n}",
					"options": {
						"raw": {
							"language": "json"
						}
					}
				},
				"url": {
					"raw": "localhost:5000/add_category",
					"host": [
						"localhost"
					],
					"port": "5000",
					"path": [
						"add_category"
					]
				}
			},
			"response": []
		},
		{
			"name": "Update Category by ID",
			"request": {
				"method": "PUT",
				"header": [],
				"body": {
					"mode": "raw",
					"raw": "{\r\n    \"category_name\" : \"normal_life\"\r\n}",
					"options": {
						"raw": {
							"language": "json"
						}
					}
				},
				"url": {
					"raw": "localhost:5000/update_category/13",
					"host": [
						"localhost"
					],
					"port": "5000",
					"path": [
						"update_category",
						"13"
					]
				}
			},
			"response": []
		},
		{
			"name": "Delete Category By ID",
			"request": {
				"method": "DELETE",
				"header": [],
				"url": {
					"raw": "localhost:5000/delete_category/15",
					"host": [
						"localhost"
					],
					"port": "5000",
					"path": [
						"delete_category",
						"15"
					]
				}
			},
			"response": []
		},
		{
			"name": "Get All Todos",
			"request": {
				"method": "GET",
				"header": [],
				"url": {
					"raw": "localhost:5000/get_todos",
					"host": [
						"localhost"
					],
					"port": "5000",
					"path": [
						"get_todos"
					]
				}
			},
			"response": []
		},
		{
			"name": "Get Todos By Category",
			"request": {
				"method": "GET",
				"header": [],
				"url": {
					"raw": "localhost:5000/get_todos",
					"host": [
						"localhost"
					],
					"port": "5000",
					"path": [
						"get_todos"
					]
				}
			},
			"response": []
		},
		{
			"name": "Add Todo",
			"request": {
				"method": "POST",
				"header": [],
				"body": {
					"mode": "raw",
					"raw": "{\r\n    \"category_name\" : \"design\"\r\n}",
					"options": {
						"raw": {
							"language": "json"
						}
					}
				},
				"url": {
					"raw": "localhost:5000/add_category",
					"host": [
						"localhost"
					],
					"port": "5000",
					"path": [
						"add_category"
					]
				}
			},
			"response": []
		},
		{
			"name": "Update Todo by ID",
			"request": {
				"method": "PUT",
				"header": [],
				"body": {
					"mode": "raw",
					"raw": "{\r\n    \"category_name\" : \"normal_life\"\r\n}",
					"options": {
						"raw": {
							"language": "json"
						}
					}
				},
				"url": {
					"raw": "localhost:5000/update_category/13",
					"host": [
						"localhost"
					],
					"port": "5000",
					"path": [
						"update_category",
						"13"
					]
				}
			},
			"response": []
		},
		{
			"name": "Delete  Todo By ID",
			"request": {
				"method": "DELETE",
				"header": [],
				"url": {
					"raw": "localhost:5000/delete_category/15",
					"host": [
						"localhost"
					],
					"port": "5000",
					"path": [
						"delete_category",
						"15"
					]
				}
			},
			"response": []
		}
	]
}